id;first_name;last_name;email;phone_number;street_address;postal_code;city;state_province
1;Armando;Navarrete;Rubn.Alemn@hotmail.com;Asistente Mancha synthesize;Japón;virtual;Deleónland;Seguro
2;Jorge Luis;Valdez;Jorge56@yahoo.com;Fantástico Central Usabilidad;initiatives transmitter synthesize;digital;Toledo Lucía;Reactivo
3;Esteban;Quiróz;Cecilia_Ozuna@hotmail.com;Rojo CSS tangible;indexing;navigate tangible;Belleville;Granito
4;Alfonso;Cortéz;Rosalia_Bez@gmail.com;deposit Buckinghamshire;pixel;facilitate Pelota;María Elenachester;online
5;Marcos;Almanza;Agustn_Padrn49@hotmail.com;multitarea calculate haptic;Inversor;Metal synergize focus;Noblesville;servidor Urbanización
6;Mercedes;Campos;Mario.Vaca81@hotmail.com;Chalet payment microchip;Ensalada Loan mobile;Seguridada Madera Loan;Alcoy Arturofurt;Bicicleta bypassing
7;Alejandro;Gaona;Alejandra.Ledesma51@gmail.com;relationships paralelismo Granito;calculating card invoice;eyeballs Interacciones;Quinteroshire;Agente Trinidad
8;Ramona;Ocampo;MaradelCarmen.Loya28@hotmail.com;neutral;Configurable Ngultrum;Public-key;Eduardoside;Especialista generating
9;Raquel;Quintanilla;AnaMara15@hotmail.com;e-business Gorro;Inversor;Investment;Alfredotown;Futuro Verde
10;Sara;Lucero;Rafael_Aguilar@hotmail.com;Bebes AGP;Funcionario;Account;Barriosshire;Rústico
